age,experience,salary,training_hours,attendance,projects_completed,performance_score,performance
50,29,39956,89,0.5626782378961928,13,23.22507129515848,High
36,28,134444,26,0.6684823628587282,10,9.46739294514349,Low
29,28,106373,7,0.9997719593595471,3,2.999908783743819,Low
42,29,99252,82,0.7028755843075305,9,20.281150233723015,High
40,15,91949,64,0.6102442173445533,12,17.844097686937822,Medium
44,18,92646,56,0.8812414422377766,14,17.15249657689511,Medium
32,17,100017,92,0.771235501731328,1,19.108494200692533,High
32,0,93037,98,0.5748007247634763,18,27.02992028990539,High
45,13,119818,39,0.6903448405804329,17,14.876137936232174,Medium
57,1,36548,13,0.7072348577696717,9,6.482893943107869,Low
45,27,146981,34,0.8769148502846094,9,10.750765940113844,Medium
24,29,133141,47,0.5103356844459522,10,13.604134273778381,Medium
43,3,103294,83,0.6345098233991553,19,24.453803929359665,High
23,0,139204,55,0.758798150657761,15,17.303519260263105,Medium
45,7,53177,48,0.6344233712264217,5,11.85376934849057,Medium
51,28,54022,12,0.8142170237094994,15,8.7256868094838,Low
59,2,136297,60,0.7409337396373084,2,13.096373495854923,Medium
23,31,35542,48,0.6808551274297903,13,15.072342050971917,Medium
42,9,121012,45,0.9746043134352561,16,15.789841725374103,Medium
54,9,126320,61,0.8160797495932287,15,18.52643189983729,Medium
33,18,90428,7,0.5649706861339706,10,5.625988274453588,Low
43,33,52740,42,0.7800458487216977,14,14.31201833948868,Medium
46,32,89353,19,0.8903659266004504,10,8.156146370640181,Low
48,22,120353,96,0.8542448487463987,14,25.141697939498563,High
49,27,143132,89,0.5860446146476297,9,21.63441784585905,High
37,31,86532,38,0.9862099995200517,14,13.594483999808022,Medium
36,6,46052,84,0.7244068228733029,3,18.289762729149324,Medium
24,28,130689,48,0.5795125018701306,16,16.231805000748054,Medium
58,7,77076,63,0.5900978770640739,2,13.636039150825631,Medium
28,0,83420,61,0.5491174960945402,10,16.419646998437816,Medium
42,2,30671,53,0.9017590542174672,3,12.160703621686988,Medium
30,23,30163,8,0.5610152471609243,11,6.224406098864371,Low
39,22,71424,87,0.5625626285708735,11,22.02502505142835,High
25,7,139538,36,0.9252358073804188,13,12.770094322952168,Medium
46,2,83744,48,0.6723020422237798,7,12.668920816889514,Medium
35,32,100331,40,0.5154289521540363,17,15.006171580861615,Medium
30,27,40634,16,0.5259476497592055,2,4.2103790599036826,Low
47,7,34798,87,0.5710852233519478,12,22.428434089340783,High
23,33,52420,20,0.6066966739878448,10,8.242678669595138,Low
41,34,147043,50,0.8325730971192027,18,17.533029238847682,Medium
49,31,59300,58,0.5786631400009141,11,16.23146525600037,Medium
28,23,119881,38,0.559437195588536,16,14.223774878235416,Medium
29,13,40749,54,0.8823595707381395,17,17.952943828295258,Medium
56,31,134131,40,0.8355276419299572,19,15.934211056771984,Medium
35,15,55121,38,0.7176621107276181,18,15.087064844291048,Medium
38,3,67487,12,0.7746548857400519,3,3.909861954296021,Low
57,20,123947,63,0.6559920101632093,16,19.262396804065286,High
25,13,63361,10,0.7412502101176803,6,4.696500084047072,Low
23,30,51223,18,0.7533363244913729,12,8.70133452979655,Low
27,17,102930,10,0.6936186355890479,11,6.67744745423562,Low
25,6,44056,76,0.9532861053360814,15,21.581314442134435,High
50,9,58380,45,0.508030932490503,15,15.203212372996202,Medium
39,6,56035,44,0.891085631545623,16,15.55643425261825,Medium
47,32,60620,0,0.5621914156206622,10,4.224876566248265,Low
55,22,49877,39,0.8987736802685997,12,12.959509472107442,Medium
31,20,85316,18,0.8079559578383606,13,9.123182383135344,Low
57,18,94041,75,0.9216390454682012,4,16.96865561818728,Medium
35,18,138940,71,0.5487571628204487,7,17.21950286512818,Medium
52,28,147360,71,0.779490317049887,2,15.311796126819956,Medium
36,17,83352,60,0.7505439401310985,15,18.30021757605244,Medium
29,1,60911,11,0.8530965914816793,8,5.741238636592672,Low
35,0,62784,60,0.7671452759468379,7,15.106858110378734,Medium
44,4,33191,32,0.770367283566552,15,12.70814691342662,Medium
42,19,63160,44,0.7147979717880324,14,14.685919188715214,Medium
37,10,120536,89,0.6544172120036704,8,21.261766884801467,High
39,1,134576,91,0.7411321806260961,12,23.296452872250438,High
45,2,94641,68,0.5592461793842003,13,19.023698471753683,High
47,22,79723,7,0.9807566694915424,11,6.192302667796618,Low
46,11,33631,24,0.8572053818132992,17,11.942882152725321,Medium
50,19,36172,90,0.9762335583439234,17,25.19049342333757,High
36,4,72080,45,0.6133636911649816,4,10.845345476465992,Medium
22,29,119097,86,0.9396705100882641,8,20.775868204035305,High
46,8,120353,29,0.9043949922817692,5,8.161757996912709,Low
28,33,50281,46,0.8385762062288369,16,15.935430482491537,Medium
30,34,58671,86,0.8125145930426029,4,19.125005837217042,High
45,21,81431,48,0.6582748326339349,15,15.863309933053575,Medium
22,23,120900,46,0.9082053924825153,12,14.363282156993009,Medium
29,16,137210,83,0.750757730739867,5,18.90030309229595,High
45,9,122961,81,0.5354457879456427,16,22.814178315178257,High
32,29,145463,17,0.656431580427565,14,9.262572632171027,Low
38,22,58602,65,0.9676485492726639,10,17.387059419709065,Medium
29,31,118789,67,0.9253401303024231,7,16.57013605212097,Medium
56,16,81399,93,0.9909528490382695,13,24.19638113961531,High
56,16,53472,32,0.8139966913020491,5,8.72559867652082,Low
54,13,79230,35,0.623755036570206,3,8.449502014628083,Low
26,8,103616,81,0.5814075248384318,15,22.43256300993537,High
49,1,37099,18,0.5934572203042308,4,5.437382888121693,Low
28,24,148614,27,0.5098978291736271,15,11.603959131669452,Medium
30,8,55431,39,0.6953410554929695,14,13.67813642219719,Medium
29,21,86492,83,0.5957138402497713,19,24.43828553609991,High
33,3,126722,96,0.7058277302283512,13,24.682331092091346,High
55,25,77684,75,0.9674972159193826,10,19.386998886367753,High
54,28,60111,14,0.715270104753595,5,5.086108041901438,Low
44,33,135387,40,0.9389922484924174,6,10.775596899396968,Medium
45,22,93936,38,0.8027523833079382,4,9.521100953323176,Low
58,10,52614,1,0.623565777330696,2,1.2494263109322785,Low
56,5,122260,62,0.6779273796296057,16,19.071170951851844,High
43,17,71991,28,0.5419597679107147,18,13.016783907164285,Medium
48,20,100476,73,0.6667312967980052,5,16.866692518719205,Medium
56,33,147959,65,0.8387704727517671,4,14.935508189100707,Medium
22,16,90920,50,0.5360555464647176,13,15.414422218585887,Medium
56,24,124294,74,0.6027007042390147,19,22.641080281695608,High
58,11,93530,76,0.6907205207066558,2,16.276288208282665,Medium
35,22,66224,9,0.9910247685079813,13,7.396409907403193,Low
24,21,37788,13,0.8924309114794401,11,7.356972364591776,Low
22,20,58082,81,0.8667433732460519,4,18.14669734929842,Medium
26,26,119570,50,0.558095478262723,15,16.22323819130509,Medium
47,30,131015,72,0.8904979468074957,4,16.356199178723,Medium
35,5,106816,38,0.8926344057580076,9,11.557053762303203,Medium
48,26,113588,27,0.8005513478121642,7,8.520220539124866,Low
30,33,46531,2,0.9951808909991859,19,8.398072356399675,Low
36,11,118340,83,0.6626269529622759,19,24.465050781184914,High
36,6,124439,69,0.9706362241209259,6,16.58825448964837,Medium
47,9,74857,26,0.9573655574782518,6,7.982946222991301,Low
34,16,40142,1,0.505740329874689,15,6.402296131949876,Low
53,25,145053,92,0.7250582632374055,15,24.690023305294964,High
53,20,78355,37,0.9885521165257867,9,11.395420846610316,Medium
25,27,39866,2,0.5515606812040379,4,2.2206242724816154,Low
51,1,100067,15,0.7738923471916597,18,10.509556938876663,Medium
58,0,140990,93,0.989478753520552,18,26.195791501408223,High
44,25,133634,39,0.7777477120529301,5,10.111099084821173,Medium
36,28,133814,1,0.594907651486078,11,4.837963060594432,Low
50,20,94027,80,0.7910916150462949,5,18.316436646018516,Medium
57,10,87906,40,0.6022202869747735,4,9.840888114789909,Medium
34,10,58138,11,0.7598521314472422,12,7.303940852578898,Low
53,34,122601,34,0.537021108956174,2,7.8148084435824705,Low
28,33,59956,64,0.8027413346072023,13,18.321096533842884,Medium
43,23,137268,54,0.758394969564079,10,15.103357987825632,Medium
49,21,134797,44,0.8700806843807316,9,12.748032273752294,Medium
23,4,106295,78,0.8153502355793925,10,19.92614009423176,High
27,32,35439,89,0.7748031342653783,7,20.909921253706152,High
49,19,77241,84,0.8448894246240606,4,18.737955769849624,High
49,18,72533,61,0.5719709567861154,19,20.02878838271445,High
41,34,58270,48,0.797679830629302,10,13.919071932251722,Medium
51,16,108815,94,0.5860553014113888,3,20.234422120564556,High
32,33,69279,24,0.9627611039259405,19,12.785104441570377,Medium
49,8,139787,22,0.5341670524228022,2,5.413666820969121,Low
46,25,53888,23,0.7151873748453966,10,8.886074949938159,Low
54,1,47630,37,0.8478987388277224,2,8.53915949553109,Low
22,8,91063,27,0.7290111058341293,2,6.491604442333652,Low
48,8,148527,20,0.5460476266164511,17,11.018419050646582,Medium
34,16,65144,53,0.7766895080633537,16,17.310675803225344,Medium
24,0,82161,17,0.8208159544136773,16,10.128326381765472,Medium
27,24,126718,35,0.8518961554952538,14,12.9407584621981,Medium
29,24,121074,98,0.6866299072313795,7,22.674651962892554,High
48,34,107360,44,0.7818299855143811,11,13.512731994205755,Medium
30,2,80979,72,0.7253432374694566,1,15.090137294987784,Medium
58,29,127661,52,0.8360280193761267,11,15.134411207750452,Medium
54,33,36979,29,0.7917784836624093,4,7.716711393464965,Low
45,11,56189,59,0.7628781097795674,7,14.905151243911828,Medium
36,18,72600,97,0.6247621834191244,15,25.649904873367653,High
53,16,89560,31,0.501009258874117,18,13.600403703549647,Medium
53,9,108040,66,0.5870408376557146,12,18.234816335062288,Medium
45,11,91558,66,0.5585330207120843,17,20.223413208284835,High
33,15,116205,27,0.7245423725054734,1,6.08981694900219,Low
23,23,36910,43,0.8061290753809223,11,13.322451630152369,Medium
24,18,87713,78,0.6065425043424041,1,16.242617001736964,Medium
58,7,76857,40,0.9695285479835936,15,14.387811419193437,Medium
38,30,64964,62,0.5033410646119438,10,16.601336425844778,Medium
23,20,115667,22,0.8861505075826714,7,7.554460203033069,Low
23,16,55227,74,0.8126023847652211,2,15.92504095390609,Medium
49,22,35978,47,0.686777400523841,10,13.674710960209538,Medium
44,15,117527,31,0.525244472206204,4,8.010097788882481,Low
58,5,47153,56,0.8137432858921396,12,16.32549731435686,Medium
53,7,89765,99,0.692806756432824,19,27.67712270257313,High
54,24,129084,32,0.9681335697066096,11,11.187253427882645,Medium
22,17,138212,23,0.770995037444883,8,8.108398014977954,Low
40,24,69071,38,0.9698257556467541,18,15.187930302258703,Medium
23,11,142990,33,0.610241846736652,11,11.244096738694662,Medium
47,14,99519,55,0.8628629551820517,11,15.745145182072822,Medium
53,25,39503,27,0.8086245104243628,13,10.923449804169746,Medium
27,25,90703,36,0.8697041149156559,3,8.747881645966263,Low
53,31,94379,6,0.6073339319862684,12,6.242933572794509,Low
25,9,125457,67,0.8324972581188869,3,14.932998903247555,Medium
32,15,87866,36,0.7490201965284344,10,11.499608078611374,Medium
38,6,46905,55,0.8714124874531581,17,18.148564994981264,Medium
59,16,75838,64,0.6635223220759089,2,13.865408928830364,Medium
45,22,88279,64,0.9450285127326263,17,19.978011405093053,High
26,25,119489,46,0.5421506573056751,16,15.816860262922273,Medium
55,20,56806,19,0.903594659395594,2,4.961437863758238,Low
27,21,75000,18,0.9306598129075454,6,6.372263925163018,Low
43,6,52168,28,0.9086261556834105,10,9.963450462273364,Medium
32,13,100119,73,0.756363197130888,10,18.902545278852358,High
37,14,68714,59,0.7191924900153807,8,15.287676996006153,Medium
54,6,84093,17,0.9981311432624385,1,4.199252457304976,Low
30,8,85419,91,0.6145859756070811,13,23.645834390242833,High
27,7,79145,34,0.7734379829380222,9,10.709375193175209,Medium
37,22,135432,42,0.8353377626911628,10,12.734135105076465,Medium
50,28,107425,94,0.850433817930716,15,25.140173527172287,High
24,17,122949,90,0.6020123328692893,5,20.240804933147714,High
41,30,107811,10,0.8269970461699006,16,8.73079881846796,Low
57,29,32461,48,0.9091847832406686,13,15.163673913296268,Medium
40,34,44291,37,0.5250092884105562,18,14.810003715364223,Medium
47,17,76804,63,0.9557606466626583,11,17.382304258665066,Medium
24,16,106971,68,0.514752027572603,9,17.405900811029042,Medium
40,13,123471,7,0.6779855162441972,16,8.07119420649768,Low
41,30,94946,33,0.507906598116481,2,7.603162639246593,Low
53,23,128989,47,0.5385725842697909,2,10.415429033707916,Medium
28,34,114080,55,0.9555841425900395,12,16.182233657036015,Medium
54,33,91332,75,0.6774304153730739,8,18.47097216614923,Medium
39,2,107794,64,0.7123857652125265,9,16.68495430608501,Medium
22,25,60841,30,0.6076721906912763,12,11.04306887627651,Medium
32,22,78758,3,0.7985478850933598,9,4.519419154037344,Low
49,14,144726,49,0.7974016073388948,10,14.118960642935559,Medium
46,3,106272,68,0.6861001959126096,2,14.674440078365045,Medium
44,28,67643,29,0.6665174359026992,16,12.466606974361081,Medium
52,21,80408,87,0.9424821540902939,7,20.57699286163612,High
51,24,73950,58,0.6916421198211007,2,12.676656847928442,Medium
56,12,86849,66,0.7467504960772041,1,13.898700198430882,Medium
28,17,130500,74,0.6416523812124653,19,22.656660952484987,High
37,32,58044,44,0.8933847516785637,4,10.757353900671426,Medium
47,15,135469,3,0.6987240784495459,2,1.6794896313798184,Low
23,1,45997,25,0.7568055232721622,14,10.902722209308866,Medium
22,34,109751,26,0.6266785850298306,2,6.250671434011933,Low
33,33,128605,45,0.993829796170626,15,15.39753191846825,Medium
26,29,53911,63,0.6457478704618614,12,17.658299148184746,Medium
58,12,85533,90,0.8853712654527759,5,20.35414850618111,High
53,12,112566,50,0.7137478251783795,7,13.085499130071351,Medium
30,17,124870,49,0.6031087025420699,10,14.041243481016828,Medium
56,31,44571,5,0.8998593819824305,14,6.959943752792973,Low
40,31,138255,58,0.6668033945145215,14,17.46672135780581,Medium
37,34,124463,14,0.9325966736989055,5,5.1730386694795625,Low
24,28,87941,29,0.9576285924589115,18,13.383051436983566,Medium
41,28,88005,41,0.929911917695638,14,14.171964767078258,Medium
45,15,116250,36,0.5175039574034028,2,8.207001582961361,Low
54,9,88712,41,0.8936866725025527,12,13.357474669001023,Medium
45,29,73541,34,0.7056697332495719,6,9.48226789329983,Low
32,24,53387,86,0.9368614600911125,4,19.174744584036443,High
29,19,123980,5,0.8189771313423694,13,6.527590852536948,Low
57,4,78908,67,0.9168215670719793,4,15.366728626828792,Medium
59,0,115457,17,0.7497158849334177,14,9.299886353973367,Low
41,29,43057,72,0.7675127522994665,16,21.107005100919785,High
56,2,94028,28,0.5721938160668336,4,7.428877526426734,Low
46,13,140804,76,0.8919936793446777,1,15.956797471737872,Medium
56,29,149246,58,0.7096948058334858,13,17.083877922333397,Medium
46,3,85731,46,0.7500400591357913,4,11.100016023654318,Medium
50,17,54858,16,0.8925488570478538,18,10.757019542819142,Medium
39,24,78689,95,0.7994227000397195,6,21.719769080015887,High
39,0,74638,21,0.6005493637213337,3,5.640219745488534,Low
23,14,121598,67,0.7951163295754464,13,18.91804653183018,High
56,8,132386,68,0.7038164289898279,16,20.281526571595933,High
37,14,76486,36,0.7347627710219313,5,9.493905108408773,Low
57,23,50567,48,0.5141556372013338,4,11.405662254880536,Medium
54,3,59739,12,0.6050146747581409,8,5.842005869903257,Low
25,11,87804,33,0.6405190406905141,19,14.456207616276206,Medium
54,5,138821,85,0.8564800039294029,14,22.94259200157176,High
35,23,33754,52,0.5057462366490577,7,13.402298494659624,Medium
42,10,57044,86,0.704388630614566,14,23.081755452245826,High
41,12,97260,50,0.9620134352128664,6,12.784805374085147,Medium
29,33,96912,2,0.555940308274562,12,5.422376123309826,Low
28,24,38706,41,0.7582121941093055,16,14.903284877643724,Medium
24,6,38894,97,0.8932611911954236,17,26.557304476478173,High
38,3,48037,31,0.9712656537600584,13,11.788506261504024,Medium
54,7,113986,50,0.873388319766859,14,15.949355327906744,Medium
33,19,111942,84,0.860282774322203,7,19.94411310972888,High
43,28,81612,45,0.9132440450978812,14,14.965297618039152,Medium
43,9,59725,20,0.7231006104887718,15,10.289240244195508,Medium
51,33,35926,43,0.9029222663089165,12,13.761168906523567,Medium
59,25,134555,10,0.5039822023727256,17,9.00159288094909,Low
59,2,39496,67,0.9622805276884024,9,17.38491221107536,Medium
29,5,86447,0,0.7216532547585877,15,6.288661301903435,Low
48,4,131604,91,0.7766900939328738,12,23.31067603757315,High
48,4,59806,62,0.6274411244574412,2,13.450976449782978,Medium
55,22,118199,23,0.8712654164202107,5,6.948506166568085,Low
42,8,71321,98,0.5383179032376244,13,25.01532716129505,High
51,34,132031,12,0.9363179012734176,8,5.974527160509368,Low
54,19,95095,97,0.9140584145031714,14,25.36562336580127,High
49,34,52656,10,0.6080300581223832,15,8.243212023248955,Low
54,17,85147,99,0.9046621991426311,11,24.561864879657055,High
26,16,121396,50,0.8931788665307407,1,10.757271546612296,Medium
40,23,79666,16,0.8161082988769746,3,4.72644331955079,Low
25,2,112368,98,0.6867600884498437,17,26.67470403537994,High
56,31,68787,81,0.6357493770909339,19,24.05429975083637,High
38,34,143767,85,0.615891795144675,14,22.84635671805787,High
49,12,92946,23,0.6593044813818036,8,8.063721792552723,Low
51,24,51727,18,0.9517792217162652,13,9.180711688686506,Low
50,8,138351,36,0.5388203879943907,3,8.615528155197756,Low
27,3,125081,84,0.9144356381264793,5,19.165774255250593,High
56,13,140058,7,0.6744450375209118,9,5.269778015008365,Low
58,33,98056,27,0.760799698005679,6,8.104319879202272,Low
45,10,33081,4,0.8972428168242453,2,1.9588971267296982,Low
50,2,64196,16,0.9421882735114857,13,8.776875309404595,Low
52,27,66735,35,0.6723907100363236,5,9.268956284014529,Low
56,28,134749,18,0.7309217406375552,8,7.092368696255022,Low
54,8,110102,63,0.7072580324083961,1,13.28290321296336,Medium
42,2,109578,90,0.5066255167519553,12,23.002650206700782,High
53,24,55498,97,0.6479714444293283,11,24.059188577771735,High
44,33,106865,10,0.7295946168662809,7,5.091837846746513,Low
54,11,61656,53,0.7055468044402199,15,16.88221872177609,Medium
24,8,97695,44,0.8609646137578397,11,13.544385845503136,Medium
39,14,67900,46,0.6924018086105517,16,15.876960723444222,Medium
46,24,147235,11,0.7446882244853351,3,3.6978752897941343,Low
52,4,114899,20,0.7148042960661817,14,9.885921718426474,Medium
24,10,77701,10,0.8703130744471852,3,3.5481252297788743,Low
45,33,138777,91,0.9314861994934813,1,18.97259447979739,High
53,23,49033,4,0.7659445395037571,15,7.106377815801503,Low
43,14,40805,80,0.8947160970975956,1,16.757886438839037,Medium
44,7,65851,55,0.6483933410099253,17,18.05935733640397,Medium
23,4,56832,19,0.7706848050786343,2,4.908273922031454,Low
48,25,93437,40,0.6726149768349863,6,10.669045990733995,Medium
23,17,145725,45,0.7071004627859152,8,12.482840185114366,Medium
47,5,43944,11,0.8662069324063343,16,8.946482772962534,Low
38,12,49873,69,0.9408312411663564,19,21.776332496466544,High
54,27,70372,16,0.5607476955438827,1,3.824299078217553,Low
30,4,119464,18,0.8173196282436903,3,5.126927851297476,Low
50,12,45379,25,0.7910719037888992,3,6.516428761515559,Low
47,16,147322,47,0.559207519587966,5,11.623683007835186,Medium
56,31,66751,51,0.6059471652200545,12,15.242378866088025,Medium
46,28,130082,95,0.6555012473663402,12,24.062200498946538,High
45,2,119822,69,0.5834655354087508,13,19.233386214163502,High
34,33,35110,54,0.621864741262171,9,14.64874589650487,Medium
28,26,84341,99,0.6338003994308538,7,22.853520159772344,High
57,12,42087,74,0.6678369165195298,4,16.667134766607813,Medium
41,32,53762,32,0.8746952264005795,19,14.349878090560232,Medium
22,5,145812,61,0.7859561019253003,19,20.11438244077012,High
29,23,112617,87,0.9931233359757008,6,20.197249334390282,High
37,18,130483,22,0.7073679134837355,13,9.882947165393496,Medium
35,15,39596,14,0.8769325369184625,11,7.550773014767385,Low
33,27,133555,26,0.9357342106882669,13,10.774293684275307,Medium
44,32,137539,74,0.8394892465190209,13,20.33579569860761,High
36,12,48313,63,0.705932370208748,15,18.8823729480835,High
49,24,143175,80,0.8767973153728765,13,21.550718926149152,High
55,26,96549,50,0.6018335688863424,11,14.640733427554537,Medium
23,6,144914,52,0.6637760825900663,19,18.265510433036027,Medium
53,4,53705,77,0.7733426275496444,8,18.909337051019858,High
44,30,97364,90,0.7877046936430742,8,21.51508187745723,High
43,22,103445,81,0.5110707377363147,10,20.404428295094526,High
46,9,133892,91,0.9725570943780044,16,24.9890228377512,High
43,31,108645,50,0.848313635608695,19,17.93932545424348,Medium
43,29,32023,46,0.7478518751159455,11,13.89914075004638,Medium
27,30,149654,3,0.9665636172041542,13,6.186625446881662,Low
36,17,89796,6,0.7195477826254142,9,5.087819113050166,Low
58,1,110073,34,0.9902177851351859,19,14.796087114054075,Medium
54,13,122197,47,0.7561423786217425,16,16.102456951448698,Medium
29,12,94429,72,0.5571428849989897,7,17.422857153999598,Medium
26,28,134195,71,0.8824004862296386,19,22.152960194491857,High
25,11,91627,44,0.8394488625389203,12,13.93577954501557,Medium
27,1,63848,80,0.8864933606527934,15,22.354597344261116,High
53,31,67804,80,0.9757210143628405,14,21.990288405745137,High
51,12,45379,96,0.8882446513255091,11,23.95529786053021,High
56,26,89664,95,0.8056683011083234,10,23.32226732044333,High
37,16,57766,71,0.9286544511804204,11,18.97146178047217,High
34,30,139126,18,0.8366232196772658,6,6.334649287870906,Low
51,33,98099,62,0.7040595284129616,2,13.481623811365186,Medium
40,23,66060,37,0.9428098821208866,11,12.177123952848355,Medium
38,34,124733,66,0.6109502303921864,19,21.044380092156878,High
40,5,99122,58,0.857320637454362,6,14.342928254981747,Medium
49,18,46087,68,0.9407817274703785,14,19.576312690988154,High
47,29,78868,12,0.8656582598516481,6,5.1462633039406604,Low
58,6,149119,46,0.8486377095269284,17,16.339455083810773,Medium
47,9,53225,60,0.876319147035918,10,16.350527658814368,Medium
44,31,125286,30,0.7325276241503222,1,6.693011049660129,Low
30,33,36643,79,0.9370853410785129,3,17.374834136431407,Medium
33,27,123059,95,0.6017182375680457,8,22.440687295027217,High
22,14,66727,21,0.5636932080001696,8,7.625477283200068,Low
22,29,41005,92,0.6427543900592558,15,24.657101756023707,High
55,28,139079,85,0.7657886983874966,7,20.106315479354997,High
53,21,95697,42,0.755280897704669,11,13.102112359081868,Medium
46,3,46029,66,0.9102993788382934,7,16.36411975153532,Medium
22,19,145281,53,0.7022843282020087,4,12.480913731280804,Medium
37,31,44226,9,0.7421722131457543,12,6.896868885258303,Low
26,3,93646,41,0.5066838416296978,6,10.80267353665188,Medium
43,26,90603,63,0.7048696182214695,14,18.481947847288588,Medium
50,16,58731,20,0.8238871164751711,12,9.129554846590068,Low
24,11,139458,79,0.5077541653132961,11,20.40310166612532,High
33,21,140384,75,0.6404409825931219,19,22.85617639303725,High
47,16,98926,65,0.603978179644695,5,15.241591271857878,Medium
37,9,35997,40,0.5209927144547941,14,13.808397085781918,Medium
58,0,85506,23,0.7396300449572688,16,11.29585201798291,Medium
43,21,108229,34,0.5908616466140783,13,12.236344658645631,Medium
50,25,79815,55,0.8715407698156901,4,12.948616307926276,Medium
35,17,72092,29,0.9239639418816743,11,10.56958557675267,Medium
49,13,92539,56,0.7727925913345739,17,18.30911703653383,Medium
26,28,96077,93,0.9908536712605708,7,21.79634146850423,High
51,11,51817,46,0.7252392857352976,14,15.09009571429412,Medium
26,34,67861,34,0.7566841051124578,11,11.502673642044984,Medium
33,11,43428,18,0.994608876978875,9,7.59784355079155,Low
37,6,73934,7,0.6157742179825244,13,6.846309687193011,Low
47,28,145555,25,0.9712729698384526,18,12.588509187935381,Medium
47,10,144367,70,0.5214187775595567,11,18.60856751102382,Medium
42,32,40258,29,0.7231934451315973,15,12.089277378052639,Medium
57,5,87775,6,0.5350017560665329,19,9.014000702426614,Low
54,14,111580,66,0.8646173714568215,1,13.94584694858273,Medium
51,31,124947,64,0.8042044679400089,4,14.721681787176005,Medium
58,10,35469,35,0.8533171317337982,14,12.94132685269352,Medium
44,22,58854,24,0.6872401999840085,14,10.674896079993605,Medium
31,25,36256,36,0.6847409670156901,3,8.673896386806277,Low
26,33,106256,0,0.5226596394804472,17,7.00906385579218,Low
57,33,63937,14,0.6749724697648198,3,4.269988987905928,Low
55,28,129134,36,0.9646442011310297,16,13.985857680452412,Medium
52,3,31651,12,0.6896132685902245,14,8.275845307436091,Low
31,16,80288,7,0.915683853110985,13,6.966273541244394,Low
40,34,114730,4,0.921162752374967,15,7.1684651009499865,Low
53,12,55051,59,0.6866205781896169,14,17.674648231275846,Medium
22,14,57386,72,0.8159943401980945,19,22.326397736079237,High
26,28,105054,0,0.5476858011365293,6,2.619074320454612,Low
25,28,141562,35,0.5518392903671383,10,11.220735716146855,Medium
37,10,46184,34,0.5243288318308567,15,13.009731532732342,Medium
45,31,63787,65,0.7905075466875547,6,15.716203018675023,Medium
37,1,51621,62,0.7130354888130486,10,16.68521419552522,Medium
23,13,105564,22,0.77401617833212,7,7.509606471332848,Low
49,19,107984,8,0.7605365952541939,17,8.704214638101679,Low
53,21,89792,33,0.6751014955453651,18,14.070040598218146,Medium
48,10,75253,45,0.8387367074117364,17,16.135494682964694,Medium
41,26,64051,77,0.8792509404581954,9,19.351700376183278,High
45,2,79811,3,0.5073141294388379,10,4.802925651775535,Low
33,16,60447,29,0.6036211498844392,10,10.041448459953777,Medium
56,27,113930,94,0.8566179340416684,7,21.94264717361667,High
54,28,130037,74,0.693310086316917,16,21.477324034526767,High
54,20,60254,98,0.8312419734708041,18,27.132496789388323,High
58,15,114045,71,0.6734813298672793,6,16.869392531946914,Medium
33,19,146859,2,0.6953775761648185,1,1.0781510304659276,Low
24,5,87418,13,0.5793394368448425,1,3.2317357747379374,Low
22,18,144534,59,0.6291155098330801,12,16.851646203933235,Medium
54,4,44472,76,0.8027058787537936,2,16.32108235150152,Medium
31,2,141193,44,0.7165815556575832,4,10.686632622263033,Medium
50,0,33471,95,0.8871513414722976,17,26.15486053658892,High
34,14,137332,33,0.9262924774691714,4,8.57051699098767,Low
33,33,125804,44,0.77082320910838,11,13.508329283643352,Medium
52,34,38329,60,0.8791336460280296,4,13.951653458411212,Medium
23,24,64865,82,0.653452256597285,1,17.061380902638916,Medium
56,23,76850,15,0.7074856077000391,7,6.082994243080016,Low
44,11,84220,65,0.8563888381084155,18,20.542555535243366,High
38,17,142234,39,0.6931059964085153,9,11.677242398563408,Medium
47,14,123808,16,0.7942524675794944,3,4.717700987031798,Low
29,15,138381,33,0.5926863895412557,8,10.037074555816503,Medium
50,26,36397,15,0.799885657485249,19,10.9199542629941,Medium
47,7,127909,59,0.9307568536134467,4,13.77230274144538,Medium
31,24,65525,65,0.9343198199117129,18,20.573727927964686,High
47,16,83072,65,0.8621722031647698,11,17.74486888126591,Medium
55,28,120106,89,0.8728766895380631,14,23.749150675815226,High
28,7,113820,12,0.7789637225753503,18,9.911585489030141,Medium
25,14,114530,55,0.7923340450829124,16,17.716933618033167,Medium
32,26,53284,30,0.566825290705259,3,7.426730116282104,Low
50,6,91330,33,0.7219295942106505,15,12.88877183768426,Medium
57,2,113369,38,0.7253881419431819,4,9.490155256777273,Low
46,28,55122,66,0.9792489178338701,5,15.59169956713355,Medium
42,23,100553,7,0.7155434313116447,17,8.486217372524658,Low
57,2,111906,86,0.7746713224513788,7,20.30986852898055,High
31,19,124788,77,0.7666256996395513,16,22.10665027985582,High
58,14,92812,54,0.8183808585221636,14,16.727352343408867,Medium
30,24,37999,26,0.874116415665948,16,11.94964656626638,Medium
45,29,52436,92,0.6125209380854361,7,21.445008375234178,High
56,13,72963,52,0.7643622095492179,9,14.305744883819688,Medium
56,6,32096,38,0.9129588536580152,4,9.565183541463206,Low
57,16,143737,64,0.7315573569187557,11,17.492622942767504,Medium
39,19,55279,16,0.6392287731867865,2,4.255691509274715,Low
53,8,138899,29,0.8273545376781495,12,10.930941815071261,Medium
45,21,144245,52,0.9118836978995615,12,15.564753479159826,Medium
44,1,56201,12,0.5315701464636957,4,4.212628058585478,Low
53,23,49715,20,0.8883952417036136,18,11.555358096681445,Medium
58,7,59309,18,0.9108239664808856,7,6.764329586592355,Low
33,10,45078,52,0.7307614637943034,1,11.092304585517722,Medium
34,12,86614,18,0.9916528284092336,13,9.196661131363694,Low
44,16,35105,56,0.8933541703536545,6,13.957341668141463,Medium
46,7,147666,24,0.8868312824478328,6,7.554732512979134,Low
56,20,124848,85,0.873919287206036,12,22.149567714882416,High
51,17,32839,30,0.575304051609137,8,9.430121620643655,Low
38,29,98920,80,0.6086154432265054,19,23.843446177290602,High
41,17,73619,54,0.7319950657322125,5,13.092798026292886,Medium
46,30,72821,22,0.6320021749797329,18,11.852800869991894,Medium
43,31,43493,31,0.7076204861670202,5,8.483048194466807,Low
34,10,47069,61,0.9442320549614603,10,16.577692821984584,Medium
40,24,142443,73,0.9121634459396346,1,15.364865378375855,Medium
57,32,37531,9,0.815019939239991,10,6.126007975695996,Low
33,7,67051,99,0.9290601971255518,5,22.171624078850222,High
40,10,37736,71,0.8918861945086246,12,19.356754477803452,High
33,21,37710,53,0.7144924659204452,7,13.68579698636818,Medium
30,23,97155,51,0.6005325760249726,9,14.04021303040999,Medium
28,16,43975,19,0.7571005200046697,12,8.90284020800187,Low
49,11,92424,31,0.8681144412642751,1,6.94724577650571,Low
35,31,75603,13,0.7182097993647965,11,7.287283919745919,Low
52,14,53252,49,0.8333859548919487,15,16.133354381956778,Medium
40,15,110797,27,0.5471637131455218,2,6.418865485258209,Low
37,21,31431,52,0.8740023681857017,7,13.549600947274282,Medium
26,27,104603,23,0.906356809946531,12,9.762542723978614,Medium
56,19,67481,78,0.8534189278902706,18,23.14136757115611,High
33,32,122573,21,0.9836317937631828,3,5.793452717505273,Low
46,9,39557,29,0.9133260287303202,7,8.965330411492129,Low
42,31,104971,62,0.9515468639382691,11,17.18061874557531,Medium
57,32,133302,3,0.966785541728824,18,8.186714216691529,Low
44,1,30162,76,0.9006739959369043,12,20.360269598374764,High
37,32,64742,58,0.8371294210032496,6,14.334851768401302,Medium
35,32,49675,86,0.5028592906803946,5,19.401143716272156,High
52,12,103997,7,0.7329128766115623,1,2.093165150644625,Low
26,29,47015,81,0.7855811493111805,12,21.314232459724472,High
56,32,80057,11,0.6520151362239999,11,6.860806054489601,Low
44,12,62591,30,0.659052223451736,4,7.8636208893806945,Low
50,25,123583,77,0.9805797078550826,18,22.992231883142033,High
32,21,130318,33,0.945855432601373,4,8.57834217304055,Low
39,1,39833,81,0.9245895027508522,17,23.36983580110034,High
33,25,37896,97,0.7030059008530554,2,20.481202360341225,High
30,14,62972,74,0.5068492752044573,2,15.802739710081784,Medium
31,33,79733,75,0.540111123227857,12,20.016044449291144,High
38,10,71800,48,0.6560981841088018,6,12.262439273643523,Medium
59,2,126044,78,0.5078714564978385,10,19.803148582599135,High
28,5,35347,56,0.5085748909575991,16,17.80342995638304,Medium
34,8,89063,94,0.9583016508212054,14,24.783320660328485,High
30,5,125850,92,0.8530792510595271,7,21.541231700423815,High
48,8,32643,25,0.6544779950340763,19,12.86179119801363,Medium
23,30,70785,17,0.5663222888004766,17,10.42652891552019,Medium
26,31,48681,95,0.7558178589475386,9,22.902327143579015,High
50,11,80026,85,0.5026730804271822,13,22.401069232170872,High
58,7,133864,37,0.9692068719290721,5,9.78768274877163,Medium
59,7,45892,80,0.7074075596944736,5,18.28296302387779,Medium
40,27,77299,86,0.7011674776186664,10,21.480466991047464,High
29,19,47073,87,0.6952968037908911,10,21.67811872151636,High
22,6,132304,49,0.5346641651938824,7,12.813865666077554,Medium
43,10,60682,7,0.8191611198959132,15,7.727664447958365,Low
38,19,127798,40,0.8665018098141767,7,11.14660072392567,Medium
28,15,126894,5,0.8380626987941451,15,7.335225079517658,Low
46,3,44289,68,0.5692177466646972,3,15.027687098665881,Medium
25,5,145359,43,0.7894200840177963,19,16.515768033607117,Medium
57,21,37927,63,0.784742242086127,10,16.91389689683445,Medium
27,25,78330,28,0.934205393970691,15,11.973682157588277,Medium
52,2,96707,27,0.6895638291878234,3,6.8758255316751296,Low
40,13,107454,10,0.6857429718297171,6,4.674297188731887,Low
48,10,137439,64,0.8092635293590928,12,17.92370541174364,Medium
31,17,134646,18,0.8165363267497565,15,9.926614530699903,Medium
47,11,95428,8,0.7346426136628952,6,4.293857045465158,Low
40,22,80601,26,0.7215296811652105,13,10.688611872466083,Medium
24,11,107465,33,0.7470738353189413,19,14.498829534127577,Medium
34,12,32539,43,0.9305226497516559,3,10.172209059900663,Medium
49,24,132263,67,0.7305834506269551,8,16.892233380250783,Medium
41,18,141487,99,0.9699658959849112,8,23.387986358393967,High
49,7,52669,81,0.7520018817981631,15,22.500800752719265,High
29,28,100968,14,0.9746003465904457,4,4.789840138636179,Low
22,31,50644,50,0.9164159509345379,19,17.966566380373816,Medium
24,17,48745,12,0.6812156613079146,3,3.8724862645231664,Low
34,5,58228,82,0.9318207106483081,13,21.972728284259325,High
49,17,148358,48,0.5550316421005577,8,13.022012656840225,Medium
46,18,64521,69,0.9625235876715073,16,20.585009435068603,High
54,21,127239,55,0.8158217575414458,13,16.526328703016578,Medium
59,31,56928,75,0.5271953742611556,3,16.410878149704462,Medium
27,2,48322,50,0.8221283618254058,16,16.728851344730163,Medium
53,27,87714,36,0.9871238270723781,9,11.194849530828952,Medium
42,9,117896,16,0.5349003273073145,14,9.013960130922927,Low
37,34,92292,57,0.7773438548900431,13,16.910937541956017,Medium
42,28,59055,86,0.8738971748796862,7,20.349558869951874,High
32,14,72891,89,0.9051292933497657,15,24.162051717339907,High
58,32,111912,28,0.7069137326603979,7,8.68276549306416,Low
57,6,36588,32,0.6020832795841216,6,9.04083331183365,Low
56,11,120536,59,0.521171139386192,2,12.808468455754477,Medium
40,29,36304,90,0.7898630785486124,9,21.915945231419446,High
41,20,37345,88,0.7264555351338053,17,24.690582214053524,High
39,30,59300,54,0.9743721975748555,5,13.189748879029942,Medium
35,23,54259,9,0.5303024538574549,12,6.812120981542982,Low
36,19,121006,46,0.8426976717230028,1,9.937079068689203,Medium
52,3,118553,22,0.5124831110600285,10,8.604993244424012,Low
22,27,45352,84,0.5857170883552714,11,21.43428683534211,High
24,19,63365,20,0.7267894999614171,16,10.690715799984567,Medium
37,23,49446,12,0.727436221401434,14,8.290974488560575,Low
44,31,32336,32,0.842850271466822,8,9.937140108586728,Medium
32,33,92032,23,0.9551065174338783,17,11.782042606973553,Medium
33,1,105415,10,0.8195160794574604,18,9.527806431782984,Low
31,14,127852,16,0.9767675489257543,12,8.390707019570304,Low
53,33,128876,67,0.9408078199389989,17,20.5763231279756,High
37,5,37521,46,0.7922498977653951,14,15.11689995910616,Medium
29,11,101707,24,0.9168959754594137,16,11.566758390183766,Medium
59,2,53481,93,0.821288805161817,14,24.52851552206473,High
33,17,48474,72,0.5392789154618636,9,18.215711566184744,Medium
45,20,76760,20,0.870282361629755,4,5.948112944651902,Low
49,14,85718,83,0.5474542206336731,11,21.21898168825347,High
29,32,74629,82,0.7970413902848562,6,19.118816556113945,High
49,34,75232,82,0.8513201029291144,15,22.740528041171647,High
57,25,116544,11,0.5332638041054276,5,4.413305521642171,Low
47,7,97169,36,0.6153973269632659,11,11.846158930785307,Medium
29,29,80669,41,0.9578361161308249,18,15.783134446452332,Medium
49,22,108021,16,0.8081572461164481,13,8.72326289844658,Low
49,13,139153,47,0.6231430094052658,11,14.049257203762107,Medium
58,13,99184,27,0.8453398855740033,14,11.338135954229603,Medium
57,1,77945,40,0.7983882099808448,18,15.519355283992338,Medium
48,4,43140,98,0.7507878499589742,19,27.50031513998359,High
38,13,113457,46,0.9880934874940419,15,15.595237394997618,Medium
30,24,44357,17,0.8417268887037545,9,7.336690755481502,Low
54,19,141672,77,0.6877205548339563,8,18.875088221933584,High
41,1,98673,98,0.9000367160384339,1,20.360014686415376,High
34,5,95633,70,0.9422916464605939,4,15.976916658584237,Medium
49,16,106943,12,0.5626102797584157,14,8.225044111903367,Low
50,24,126111,81,0.6002764889226333,2,17.240110595569053,Medium
34,27,108258,12,0.6081135045638899,16,9.043245401825557,Low
56,1,42924,99,0.8456059046932702,3,21.33824236187731,High
27,34,99286,30,0.8015197775266416,8,9.520607911010657,Low
39,4,123269,1,0.8094957823492941,6,2.9237983129397183,Low
26,0,104071,15,0.9703866498447504,16,9.7881546599379,Medium
46,11,87326,8,0.887955766403653,16,8.355182306561462,Low
23,22,120023,72,0.5639684622558916,7,17.425587384902357,Medium
31,30,60651,37,0.6737535412125906,13,12.869501416485036,Medium
51,10,100202,74,0.7176968230878678,13,20.287078729235148,High
26,9,78777,53,0.6979807943738024,5,12.879192317749522,Medium
54,2,46994,55,0.8346543045809396,18,18.533861721832377,Medium
22,13,97263,85,0.9459465516282812,15,23.37837862065131,High
39,15,89634,96,0.653025731761394,18,26.66121029270456,High
53,9,130158,99,0.7759385682105928,2,20.910375427284237,High
32,28,40800,86,0.8947047109567928,10,21.557881884382716,High
42,9,67823,44,0.7081090294226746,13,14.28324361176907,Medium
47,11,138575,33,0.5840590641996479,18,14.033623625679859,Medium
46,29,93878,8,0.7374754826318741,15,7.894990193052749,Low
43,0,48708,87,0.5276112603715142,12,22.41104450414861,High
48,4,42819,7,0.9711917270011384,15,7.788476690800456,Low
34,19,104905,6,0.5374106025974865,13,6.614964241038995,Low
54,7,93870,35,0.7192283576252891,18,14.487691343050116,Medium
55,11,39283,17,0.7649406305442631,15,9.705976252217706,Low
56,0,60573,2,0.9926519161436427,11,5.197060766457458,Low
22,19,108707,27,0.5830109118214304,19,13.233204364728573,Medium
42,27,60933,69,0.5572157593061793,3,15.222886303722472,Medium
27,11,35774,43,0.5043530735312718,7,11.601741229412509,Medium
49,27,102055,20,0.5777857184346511,14,9.831114287373861,Medium
38,14,40983,27,0.6036364895338338,14,11.241454595813535,Medium
26,5,126468,53,0.8152904707915462,13,16.12611618831662,Medium
52,19,126334,53,0.6098533951957001,12,15.643941358078283,Medium
26,13,48133,64,0.5102604073646626,9,16.604104162945866,Medium
59,1,44939,99,0.9133091727512443,1,20.565323669100497,High
24,8,30781,20,0.6827978505019834,19,11.873119140200794,Medium
44,19,144586,98,0.6768483432903669,11,24.270739337316147,High
58,25,86700,12,0.6512395145839633,19,10.260495805833585,Medium
58,28,57624,56,0.9876866385732104,18,18.795074655429286,High
31,0,36823,48,0.5850577086546407,12,14.634023083461859,Medium
31,34,48489,53,0.9491190319766176,1,11.379647612790649,Medium
40,5,148555,9,0.888401666069944,19,9.755360666427979,Medium
38,4,69961,52,0.5382399777496565,17,17.415295991099864,Medium
42,32,149664,43,0.9933645507504243,5,10.997345820300168,Medium
35,13,59118,46,0.6356829817695053,3,10.654273192707803,Medium
30,11,130417,52,0.5492914635112062,2,11.419716585404483,Medium
22,19,111816,73,0.9146571170628797,3,16.165862846825153,Medium
34,23,52263,45,0.85333776683885,8,12.54133510673554,Medium
25,33,43565,12,0.8086094029389503,16,9.123443761175581,Low
22,24,50354,36,0.5779904318494666,6,9.831196172739787,Medium
53,28,72951,23,0.739248058127981,13,10.095699223251193,Medium
55,30,121179,1,0.8902780134436069,16,6.956111205377443,Low
49,22,53648,85,0.6518119690719202,16,23.66072478762877,High
52,19,80729,80,0.6558449142575207,3,17.462337965703007,Medium
29,22,71971,99,0.501570453024061,13,25.200628181209623,High
47,15,48658,13,0.5871217008226898,14,8.434848680329077,Low
55,7,51253,9,0.9377028125609171,8,5.375081125024367,Low
24,20,94166,34,0.7208732458188536,12,11.888349298327544,Medium
33,0,78563,24,0.992117249617217,8,8.396846899846889,Low
22,7,56390,2,0.6978539817868963,9,4.279141592714759,Low
26,28,118664,16,0.8575932273901206,1,3.9430372909560485,Low
51,31,81578,11,0.6409595214523646,6,4.856383808580946,Low
51,4,109025,53,0.6819048205704668,19,18.472761928228188,Medium
38,21,133850,23,0.5953629937954473,11,9.238145197518179,Low
44,33,62658,28,0.6735311842496975,11,10.26941247369988,Medium
36,0,36852,42,0.7736187602103215,13,13.90944750408413,Medium
58,25,124986,24,0.9958864404896247,11,9.59835457619585,Low
42,9,32551,99,0.8321008565358928,18,27.332840342614357,High
35,29,101947,59,0.599622977204157,15,18.039849190881664,Medium
23,17,91001,89,0.5224807207957756,1,18.40899228831831,Medium
32,16,79159,64,0.5631782406572553,7,15.825271296262903,Medium
59,25,81707,83,0.7812776006365236,13,22.11251104025461,High
55,7,63243,27,0.8825801644083832,12,10.553032065763354,Medium
59,11,51800,15,0.9702096036503735,18,10.58808384146015,Medium
55,26,105939,46,0.5079115859984105,19,17.003164634399365,Medium
39,7,87828,80,0.7613800707809348,15,22.304552028312372,High
51,24,37239,91,0.7354336781115884,8,21.694173471244635,High
36,3,36710,57,0.828027510987852,19,19.331211004395144,High
48,32,51384,75,0.779789427232671,10,19.31191577089307,High
55,0,51038,26,0.8435195752912403,7,8.337407830116497,Low
59,18,70846,52,0.8290412923745951,18,17.931616516949838,Medium
54,30,117983,41,0.5585058624289732,16,14.82340234497159,Medium
45,15,97821,58,0.8998589568093598,6,14.359943582723746,Medium
36,13,67991,46,0.5616162878581624,9,13.024646515143266,Medium
51,4,109057,93,0.8492653126045686,13,24.13970612504183,High
38,25,143193,33,0.7080726838203033,8,10.083229073528122,Medium
26,27,36971,36,0.756925367288299,16,13.90277014691532,Medium
50,1,59139,5,0.9516490071878553,13,6.5806596028751425,Low
25,5,115445,6,0.9449418632367432,13,6.777976745294698,Low
31,8,107067,95,0.9089281528275148,17,26.163571261131008,High
38,32,110257,95,0.7550741902281617,5,21.302029676091266,High
31,24,114742,24,0.8681199050669166,17,11.947247962026768,Medium
38,12,67711,32,0.7564485277594046,9,10.302579411103762,Medium
41,8,36530,54,0.9348030412373887,2,11.973921216494956,Medium
45,12,41116,57,0.70138791661645,18,18.88055516664658,High
26,30,95794,6,0.9851176722074384,9,5.194047068882975,Low
55,10,30282,56,0.9661613791144388,6,13.986464551645778,Medium
27,3,109473,11,0.8708013097258928,11,6.948320523890358,Low
23,33,31898,15,0.639707942088036,6,5.655883176835214,Low
34,3,34135,79,0.5658267943966292,6,18.426330717758653,Medium
32,18,36629,42,0.9273517250465988,13,13.97094069001864,Medium
44,5,139472,99,0.5826511430689807,11,24.433060457227594,High
37,33,115120,76,0.9271303944986679,14,21.17085215779947,High
52,17,149798,6,0.7453825033561803,2,2.2981530013424725,Low
32,12,119087,99,0.7032783919040522,8,23.28131135676162,High
37,22,95031,50,0.9515953894172146,3,11.580638155766886,Medium
29,18,63380,72,0.801925491270139,3,15.920770196508055,Medium
25,10,142507,31,0.7883070035648589,1,6.915322801425944,Low
25,0,47071,74,0.7793829723121988,19,22.71175318892488,High
46,23,50074,7,0.6855847580097657,18,8.874233903203907,Low
24,6,120724,96,0.8928215517645637,17,26.35712862070583,High
53,24,97843,86,0.6263992220078864,13,22.650559688803156,High
24,20,69901,88,0.9694474800206375,3,19.187778992008255,High
48,14,41205,71,0.9469926025234804,1,14.978797041009393,Medium
50,0,85661,44,0.6687401628374491,4,10.66749606513498,Medium
53,11,35906,85,0.8647318849158319,13,22.545892753966335,High
40,6,32591,58,0.7866115972247958,17,18.714644638889922,High
42,14,92987,3,0.6688246509996173,11,5.267529860399847,Low
26,20,93370,66,0.9942608239977233,2,14.39770432959909,Medium
39,18,110685,28,0.5126186729241321,16,12.205047469169653,Medium
49,28,140454,28,0.6263230153106434,2,6.650529206124258,Low
43,24,135487,97,0.7600370305555753,19,27.304014812222235,High
42,32,84400,97,0.760976501739282,19,27.304390600695715,High
27,31,55150,27,0.7944665374727821,16,12.117786614989114,Medium
22,34,61852,76,0.8758380860114596,19,23.150335234404587,High
26,25,72870,78,0.8117389152596481,9,19.524695566103862,High
33,10,149796,86,0.8001407302640184,1,17.920056292105606,Medium
47,34,82756,43,0.5267572314565216,10,12.810702892582608,Medium
55,7,145357,89,0.6882651438946492,19,25.67530605755786,High
35,13,149052,3,0.616027869850578,1,1.2464111479402313,Low
47,9,86481,89,0.6326850558009878,2,18.853074022320396,High
48,1,31283,8,0.7771687371701724,16,8.31086749486807,Low
30,8,63691,4,0.5997526574648042,12,5.8399010629859225,Low
47,2,31125,55,0.6469745505084488,8,14.45878982020338,Medium
43,20,97065,95,0.6185423542586701,18,26.44741694170347,High
51,25,56170,83,0.9742514716090973,2,17.78970058864364,Medium
38,7,38438,49,0.9723328660855476,13,15.38893314643422,Medium
47,1,50095,74,0.8049707792980259,6,17.521988311719213,Medium
57,5,46154,14,0.96226123436595,6,5.5849044937463805,Low
22,27,38004,31,0.8929063227341866,9,10.157162529093675,Medium
29,28,39752,27,0.7949739414009044,16,12.117989576560362,Medium
56,25,85426,21,0.5032176057483979,11,8.80128704229936,Low
36,24,138896,16,0.8862581430397021,7,6.354503257215882,Low
43,11,56819,58,0.8512441707942344,10,15.940497668317695,Medium
35,4,132168,89,0.807626826641207,10,22.123050730656484,High
47,33,122051,70,0.8802121558412359,18,21.552084862336493,High
49,14,54217,56,0.7564610823873829,9,15.102584432954954,Medium
44,14,118708,25,0.8520416356606695,15,11.340816654264268,Medium
35,22,62994,24,0.9675860433632466,4,6.7870344173453,Low
45,5,45036,9,0.6879025079230432,8,5.2751610031692175,Low
23,20,107275,44,0.8540609174503127,9,12.741624366980126,Medium
47,22,127756,82,0.7378439090054794,13,21.895137563602194,High
35,15,79416,10,0.8371998259069908,9,5.934879930362797,Low
28,14,39587,76,0.8814466677771821,4,17.152578667110873,Medium
24,24,140053,52,0.522726250217898,17,17.40909050008716,Medium
44,10,125665,71,0.823300221974331,16,20.929320088789733,High
39,14,30645,67,0.6133705922034722,15,19.64534823688139,High
59,3,60930,94,0.8350162689037834,3,20.334006507561515,High
56,20,111835,27,0.7341650929669068,5,7.6936660371867625,Low
36,12,60090,74,0.8867763709324437,5,17.15471054837298,Medium
46,21,117489,64,0.5617004076027983,15,19.02468016304112,High
58,18,82142,48,0.8131611758280975,18,17.12526447033124,Medium
49,33,141979,46,0.6392353644637762,15,15.455694145785511,Medium
31,13,56475,51,0.9264909976652957,2,11.37059639906612,Medium
38,3,48888,87,0.9641917528181537,13,22.985676701127264,High
43,26,73732,53,0.9981991468395277,4,12.599279658735814,Medium
47,28,111623,59,0.8980037012136417,10,16.159201480485457,Medium
46,27,76305,56,0.8768670352140022,13,16.750746814085602,Medium
38,34,76037,46,0.6077503794337755,10,13.44310015177351,Medium
34,7,39346,30,0.6680035294950544,9,9.867201411798021,Medium
41,15,30587,45,0.7328412708811398,8,12.493136508352457,Medium
46,29,42763,25,0.8866905238911249,3,6.55467620955645,Low
25,17,89165,4,0.9574829325389843,16,7.582993173015594,Low
31,1,137481,83,0.5945695500114923,14,22.4378278200046,High
24,12,99615,51,0.9611837423350514,9,14.184473496934022,Medium
39,3,66116,74,0.847812326177029,11,19.539124930470813,High
57,25,115751,53,0.8053853653425194,3,12.12215414613701,Medium
43,24,121353,32,0.5999206356409698,5,8.639968254256388,Low
55,29,120301,49,0.5277625164045753,10,14.01110500656183,Medium
29,10,125648,37,0.78423244925397,13,12.913692979701588,Medium
40,6,55556,26,0.8257578416644462,4,7.130303136665779,Low
58,30,89042,97,0.6053907246773441,13,24.84215628987094,High
27,9,48099,14,0.7782281029127283,12,7.911291241165092,Low
47,12,139089,95,0.9282467013812867,5,21.371298680552513,High
55,30,75096,60,0.91753297272751,10,16.367013189091004,Medium
27,6,101986,20,0.9636775902931486,9,7.985471036117259,Low
58,19,43230,45,0.6829429047784402,7,12.073177161911376,Medium
54,3,59009,68,0.6590247862754594,2,14.663609914510186,Medium
43,6,100969,5,0.8747130029904043,7,4.149885201196162,Low
42,0,63866,37,0.7155562025485025,8,10.886222481019402,Medium
27,12,135400,61,0.5437743320138904,7,15.217509732805556,Medium
27,21,114246,85,0.6414005653352499,14,22.8565602261341,High
25,20,106975,61,0.7092911427657446,19,20.0837164571063,High
51,21,71855,81,0.646258212738126,5,18.45850328509525,Medium
32,27,111557,77,0.6661027854736608,18,22.866441114189463,High
51,8,36416,73,0.6468879530871954,12,19.65875518123488,High
52,25,102516,45,0.5207495835915397,17,16.008299833436617,Medium
45,8,85915,12,0.8185473504122213,13,7.927418940164889,Low
30,14,48058,94,0.7986462101767346,2,19.919458484070695,High
24,9,106637,93,0.8266917492393403,13,24.130676699695737,High
52,23,70718,2,0.5961549480168138,7,3.4384619792067257,Low
58,7,62602,93,0.6478272708062427,10,22.8591309083225,High
57,23,104658,5,0.8098079634724611,6,3.7239231853889847,Low
45,15,108112,92,0.7998137842299606,3,19.919925513691986,High
52,25,88067,7,0.7531651546771339,3,2.901266061870854,Low
27,26,57516,43,0.6752066250050988,18,16.07008265000204,Medium
23,3,117969,32,0.956465502387345,11,11.182586200954939,Medium
41,23,31089,80,0.6698851211494219,5,18.267954048459767,Medium
49,18,67346,74,0.7278095782186258,19,22.691123831287452,High
32,9,104663,76,0.8390569154771044,19,23.135622766190842,High
25,24,40487,49,0.771510715433382,15,16.108604286173353,Medium
36,17,30155,10,0.6734429881821928,16,8.669377195272878,Low
27,18,97494,94,0.717822395228255,9,22.687128958091304,High
51,9,106229,27,0.897240408926753,4,7.3588961635707015,Low
59,32,134648,69,0.6390645777433062,15,20.055625831097323,High
23,4,68547,40,0.5711276198884077,12,13.028451047955365,Medium
36,34,58795,15,0.6565816009148886,3,4.462632640365955,Low
32,33,85296,67,0.9247671077439507,14,19.36990684309758,High
29,32,51447,98,0.5444948574281734,17,26.617797942971272,High
47,20,66598,47,0.9958480366862259,19,17.398339214674493,Medium
26,16,71814,55,0.7705014494638313,6,13.708200579785533,Medium
27,21,120751,63,0.9924228719835471,4,14.59696914879342,Medium
47,14,105330,58,0.9694982110429888,7,14.787799284417197,Medium
25,34,128745,89,0.7264068571054584,19,25.690562742842186,High
40,27,117960,61,0.5992455373026746,17,19.23969821492107,High
41,6,93278,75,0.5824423882825692,16,21.632976955313026,High
54,31,85077,10,0.6199946819349788,15,8.247997872773992,Low
41,10,142782,88,0.8550663202822686,8,21.142026528112908,High
33,9,132932,17,0.636474997365744,19,11.254589998946297,Medium
22,8,101906,18,0.6707126348021492,8,7.06828505392086,Low
47,13,39528,86,0.7243894019973074,18,24.689755760798924,High
35,12,123812,54,0.9566163402107282,16,17.58264653608429,Medium
59,24,80100,81,0.5946967089424231,19,24.03787868357697,High
58,1,139869,25,0.5025132763049016,10,9.20100531052196,Low
32,34,38179,5,0.5300482051890851,17,8.012019282075634,Low
57,6,78781,3,0.952383170840059,13,6.180953268336024,Low
34,20,85267,28,0.8237582324216816,13,11.129503292968673,Medium
24,17,112379,58,0.6365203096639034,7,14.654608123865563,Medium
54,2,53952,97,0.5885962505055955,10,23.63543850020224,High
27,10,83798,16,0.6471333683185572,2,4.258853347327423,Low
31,23,128696,42,0.55739846362564,4,10.222959385450256,Medium
26,18,140434,79,0.9707664551422206,6,18.588306582056887,Medium
44,3,80939,65,0.8921030871826334,18,20.556841234873055,High
31,25,59516,33,0.7311955884562704,6,9.292478235382509,Low
23,31,86526,7,0.932481302557601,17,8.57299252102304,Low
34,32,40449,12,0.6247291021466161,14,8.249891640858648,Low
23,2,80290,7,0.8585602842360968,11,6.143424113694439,Low
41,8,116661,93,0.9280662495068717,19,26.57122649980275,High
22,7,102954,95,0.6783843558116363,2,20.071353742324654,High
58,32,52746,99,0.8787322227253589,3,21.351492889090146,High
30,5,97990,93,0.6475361746321546,11,23.259014469852865,High
38,3,88810,64,0.6494285676295154,6,15.459771427051807,Medium
30,12,148362,42,0.553528589277093,14,14.221411435710838,Medium
32,1,113297,38,0.7200290232546993,19,15.488011609301882,Medium
36,4,45223,80,0.8648559532487111,16,22.745942381299486,High
45,26,102237,58,0.9701104027856424,7,14.788044161114259,Medium
59,31,32597,83,0.8018984959645481,8,20.12075939838582,High
56,20,95677,87,0.9315677688678695,19,25.37262710754715,High
51,7,32659,85,0.9112473246451136,16,23.764498929858046,High
52,7,116516,92,0.5866715264876404,7,21.434668610595057,High
26,2,104567,85,0.7429087144563158,9,20.897163485782528,High
35,2,45037,43,0.5584617677626957,13,14.023384707105079,Medium
32,21,76738,8,0.8410765807808175,1,2.336430632312327,Low
30,5,133965,36,0.974949834123038,8,10.789979933649215,Medium
55,1,101678,73,0.5685447290393782,4,16.427417891615754,Medium
33,22,42109,35,0.8669415654012707,3,8.546776626160508,Low
56,1,52010,91,0.8161190754339305,3,19.72644763017357,High
56,16,38787,27,0.7918025185040498,13,10.91672100740162,Medium
22,34,138400,41,0.6950601173441696,8,11.678024046937669,Medium
43,33,38472,42,0.6775658238769062,7,11.471026329550764,Medium
50,22,145111,84,0.5226245945094439,1,17.409049837803778,Medium
29,29,53383,87,0.6089543541260067,16,24.043581741650407,High
32,7,91709,41,0.5075884411434135,6,10.803035376457366,Medium
58,21,99785,65,0.7907085527910103,7,16.116283421116403,Medium
35,4,143253,54,0.5529266179389545,12,15.821170647175583,Medium
51,12,64518,71,0.9365096970148581,9,18.174603878805943,Medium
56,28,83909,47,0.7615715103485826,11,14.104628604139434,Medium
42,30,48351,90,0.8498449545293543,10,22.339937981811744,High
58,15,99624,21,0.7054285459202483,1,4.8821714183681,Low
26,29,83330,26,0.7802899045005243,18,12.71211596180021,Medium
40,15,45282,92,0.9713295884833153,4,20.38853183539333,High
35,11,114866,66,0.5413670198118354,5,15.416546807924735,Medium
47,16,137945,12,0.6269688859618481,9,6.25078755438474,Low
25,15,51778,44,0.8899941634552722,17,15.95599766538211,Medium
46,11,54264,9,0.549368603441333,3,3.2197474413765335,Low
46,7,89675,99,0.5378305519520554,16,26.415132220780823,High
39,19,35075,8,0.6807706993770193,5,3.8723082797508077,Low
29,2,105948,53,0.5460839792362162,16,17.218433591694488,Medium
35,15,78454,26,0.7925392211031015,3,6.717015688441241,Low
53,29,58365,33,0.6131376254082999,15,12.84525505016332,Medium
59,22,102766,0,0.9478489815996862,3,1.5791395926398746,Low
54,27,78200,31,0.8917500404226284,14,12.15670001616905,Medium
44,4,41002,88,0.8498526030497381,16,24.339941041219898,High
36,19,43947,92,0.808472013692251,17,25.523388805476905,High
54,0,109222,70,0.9317328651707317,18,21.572693146068293,High
46,29,124840,66,0.6115310307713784,18,20.644612412308554,High
38,20,146219,83,0.9365544213821138,14,22.57462176855285,High
54,19,108610,19,0.8947461492120261,18,11.357898459684812,Medium
23,5,82142,93,0.8740804131938428,15,24.94963216527754,High
35,21,86307,34,0.780627839037462,15,13.112251135614986,Medium
27,17,34493,98,0.6231220804853,6,22.249248832194123,High
27,7,80085,90,0.7117739579959481,15,24.284709583198378,High
24,31,64228,89,0.8967853272694009,18,25.35871413090776,High
28,32,109676,77,0.5158892421786623,4,17.206355696871466,Medium
29,15,81875,16,0.8910253846318792,8,6.756410153852752,Low
36,11,61655,17,0.6200353702437833,15,9.648014148097513,Low
50,33,73472,44,0.5721546003608016,3,10.228861840144322,Medium
54,13,79437,92,0.5578506590901511,15,24.623140263636063,High
51,32,79416,83,0.5136250059754075,13,22.005450002390162,High
48,22,89711,52,0.7617932426107265,9,14.304717297044292,Medium
57,1,36816,90,0.6091299363468647,2,19.043651974538747,High
50,20,107175,81,0.9947158828898157,8,19.797886353155924,High
59,1,94307,67,0.7872183779361028,17,20.514887351174444,High
54,26,142728,64,0.5689426346780052,13,18.2275770538712,Medium
58,8,76733,0,0.8443812704056827,1,0.7377525081622731,Low
48,0,125028,57,0.9488717832548627,2,12.579548713301946,Medium
54,10,146450,25,0.8725897476848072,15,11.349035899073922,Medium
25,2,41240,19,0.5382199305197238,12,8.81528797220789,Low
43,22,128234,86,0.9479420905963298,14,23.179176836238533,High
23,25,122493,9,0.8969646929299824,2,2.958785877171993,Low
31,3,128344,58,0.5791519500528072,18,19.031660780021124,High
26,17,101363,74,0.5258929443664084,7,17.810357177746564,Medium
31,5,62762,40,0.7786552876571542,6,10.711462115062861,Medium
54,34,38259,4,0.5780179056699885,14,6.631207162267995,Low
59,21,80139,64,0.917295476297636,8,16.366918190519055,Medium
34,14,44849,16,0.6791673283358368,2,4.271666931334335,Low
52,21,111768,21,0.9564462223682877,17,11.382578488947317,Medium
57,11,136108,97,0.7828440860705028,5,21.713137634428204,High
45,17,119709,40,0.5913361921198341,14,13.836534476847934,Medium
36,34,84869,92,0.5697994336799,3,19.82791977347196,High
50,29,93095,67,0.788236218778877,5,15.715294487511551,Medium
29,23,147886,68,0.880941805931222,16,20.35237672237249,High
26,29,100910,10,0.8907528238710911,18,9.556301129548437,Low
50,13,116710,55,0.6378787022206407,17,18.055151480888256,Medium
25,5,53567,50,0.6021233794560837,11,14.640849351782434,Medium
33,2,65292,20,0.5083781522461912,17,11.003351260898476,Medium
23,15,104813,98,0.8395995756005847,16,26.335839830240236,High
48,6,127136,75,0.5382841292167695,2,16.015313651686707,Medium
52,13,81631,25,0.710380600882963,4,6.884152240353185,Low
57,8,39885,18,0.800841082009148,7,6.720336432803659,Low
57,14,89659,59,0.9685544724598385,2,12.987421788983937,Medium
47,20,84306,70,0.6559010684778843,6,16.662360427391153,Medium
48,34,96314,46,0.62488608122326,17,16.249954432489304,Medium
26,1,95087,70,0.8270800771430492,7,17.13083203085722,Medium
41,26,59165,25,0.8096195160267908,5,7.323847806410717,Low
32,1,88929,39,0.6660548916540623,5,10.066421956661625,Medium
31,34,97028,4,0.9640509177548933,16,7.585620367101957,Low
59,17,125998,20,0.9224311637448164,19,11.968972465497927,Medium
27,13,79812,77,0.6119912729325405,9,19.244796509173018,High
29,19,80500,3,0.6195712727172615,5,2.847828509086905,Low
44,17,109151,22,0.7561501734435403,8,7.902460069377417,Low
47,9,88643,83,0.8867860508653602,9,20.554714420346144,High
33,24,74900,14,0.5220201896942323,5,5.008808075877694,Low
47,1,72946,92,0.8466675768673533,10,22.738667030746942,High
34,24,37851,7,0.8241179486910485,2,2.5296471794764193,Low
39,32,46288,40,0.6157400479564941,9,11.846296019182597,Medium
46,30,102692,18,0.8406765066206744,11,8.33627060264827,Low
54,13,97580,45,0.9700915956260413,4,10.988036638250417,Medium
33,0,37368,27,0.5233929224858842,2,6.4093571689943545,Low
57,15,115436,90,0.6598260276460313,6,20.663930411058413,High
25,2,126136,67,0.7190883583331776,14,19.28763534333327,High
26,34,76403,14,0.9496301794623447,1,3.5798520717849382,Low
58,5,121170,98,0.9811307233045783,18,27.19245228932183,High
29,24,39168,36,0.7220576232481661,7,10.288823049299268,Medium
49,12,116497,0,0.8750142060710956,1,0.7500056824284382,Low
52,33,79879,66,0.7658305118822415,1,13.906332204752898,Medium
30,7,89871,23,0.7688914673706883,1,5.307556586948276,Low
50,20,139632,26,0.6390497575331782,4,7.055619903013271,Low
35,33,141623,39,0.6084781229319398,4,9.643391249172776,Low
43,3,119388,62,0.6440026729620205,18,19.85760106918481,High
32,24,128646,60,0.7781640036285397,11,16.711265601451416,Medium
44,14,62174,35,0.5145775930110446,1,7.6058310372044176,Low
22,3,129751,97,0.9536244721782029,10,23.781449788871285,High
58,11,122491,92,0.5781418547748881,9,22.23125674190996,High
42,31,36581,23,0.6100443384356933,4,6.444017735374278,Low
47,31,140155,23,0.7591380882238232,6,7.30365523528953,Low
57,27,101853,3,0.8550573831686397,16,7.342022953267456,Low
44,12,94046,66,0.5478645273721987,2,14.21914581094888,Medium
22,30,79678,33,0.6588473487735811,18,14.063538939509433,Medium
36,13,138392,56,0.9843373027871786,10,15.593734921114873,Medium
42,19,141250,48,0.6311714833904729,17,16.65246859335619,Medium
30,17,56649,86,0.6565250725315734,13,22.66261002901263,High
30,28,118668,52,0.9182492453090167,18,17.967299698123607,Medium
31,5,112325,22,0.5251072158452277,13,9.810042886338092,Medium
47,31,44567,68,0.7323065844044854,17,20.692922633761796,High
56,28,110404,94,0.6898083822258352,5,21.075923352890335,High
46,1,119906,52,0.6582933799543256,11,15.06331735198173,Medium
47,22,138069,61,0.6428497970223823,7,15.257139918808955,Medium
32,18,126019,40,0.5456870524302047,10,12.21827482097208,Medium
59,30,91944,56,0.6574129146758244,17,18.26296516587033,Medium
23,4,148428,59,0.5215262013578343,15,18.008610480543133,Medium
28,18,108002,53,0.8904819318222177,18,18.15619277272889,Medium
39,33,58803,69,0.6991138969790058,19,21.679645558791606,High
48,9,48230,56,0.7219519161599558,2,12.288780766463983,Medium
55,24,47862,9,0.9467972932250658,4,3.7787189172900266,Low
48,1,73355,39,0.8290274919306104,3,9.331610996772245,Low
38,10,61259,6,0.5040295516710599,7,4.2016118206684245,Low
45,30,129075,37,0.9715874114806424,18,14.988634964592258,Medium
46,14,117445,84,0.6185722329888557,10,21.047428893195544,High
28,8,60795,60,0.5538070923799294,7,15.021522836951972,Medium
27,22,144604,83,0.8840640891904411,8,20.15362563567618,High
45,18,38770,2,0.7502386579333591,6,3.100095463173344,Low
54,8,41093,50,0.7168852830090088,1,10.686754113203603,Medium
50,34,76571,85,0.6247515398413709,4,18.849900615936548,High
43,20,30193,46,0.7737357449311593,14,15.109494297972464,Medium
47,8,130311,67,0.6371923026012938,17,20.45487692104052,High
49,27,47569,91,0.9507915026435338,18,25.780316601057415,High
42,6,147082,75,0.6076022398665963,11,19.64304089594664,High
28,15,41190,37,0.9421775752278767,14,13.376871030091152,Medium
38,15,92824,35,0.7797027128636784,9,10.91188108514547,Medium
41,32,72752,40,0.9142440669476205,15,14.365697626779049,Medium
41,3,62327,68,0.8564229979304775,12,18.742569199172195,High
43,3,72070,12,0.8483475557183743,10,6.73933902228735,Low
49,16,115925,86,0.6621729038475279,19,25.06486916153901,High
28,28,70197,57,0.6169484657361017,19,19.246779386294442,High
22,34,32261,49,0.6054431138403941,6,12.442177245536158,Medium
53,6,148424,29,0.9285958285297944,6,8.571438331411919,Low
34,26,123905,61,0.9102134101295101,8,15.764085364051805,Medium
51,27,56512,24,0.7202867640061537,1,5.488114705602462,Low
44,21,36716,26,0.5662023067482274,17,12.226480922699292,Medium
40,13,116795,50,0.6911261259887291,17,17.07645045039549,Medium
53,6,58933,77,0.8096717270684557,15,21.72386869082738,High
